population,responder_n,non_responder_n,responder_mean_pct,non_responder_mean_pct,mean_difference_pct,responder_median_pct,non_responder_median_pct,mannwhitney_u,p_value,significant,fdr_q_value,significant_fdr
cd4_t_cell,993,975,30.537808341850095,29.902261776254058,0.6355465655960373,30.22056448672133,29.65760700451731,515276.0,0.013344218813937617,True,0.06672109406968808,False
b_cell,993,975,9.797552613770158,9.996319710875161,-0.1987670971050033,9.432277716506485,9.788394525529014,459971.0,0.055702309738266224,False,0.13925577434566555,False
nk_cell,993,975,14.84094427086041,15.07316621464659,-0.23222194378618077,14.509281611587447,14.799142593764925,464546.0,0.12105079820428571,False,0.20175133034047618,False
monocyte,993,975,19.941763178422633,20.084327940698326,-0.14256476227569337,19.609697542876887,19.942332781511407,466510.0,0.16315013268752876,False,0.20393766585941095,False
cd8_t_cell,993,975,24.881931595096706,24.94392435752586,-0.06199276242915275,24.728022127013396,24.603067146867414,478176.0,0.6390858847346418,False,0.6390858847346418,False
